<MiMI comment="Interaction data imported from BIND">
<organism>

<background><BioSource><organism><taxonomyName>
3702
</taxonomyName></organism></BioSource></background>

<molecule><MimiID>0</MimiID>
<id><idType>gi</idType><idValue>15238558</idValue></id>
<name>AteIF(iso)4E</name><name>eIF(iso)4E</name><name>eIF4Eiso</name><name>EIF4E2</name>
<description>Eukaryotic Initiation Factor (iso) 4E; isomeric form of the cap-binding protein eIF4E; role in the initiation of the translation of capped mRNAs; strongly conserved across several organisms; contains 10 tryptophan residues.</description>
<type>protein</type>
<interaction><prov><imid>20</imid>
<argset id="0"><arg id="0">9234949</arg></argset></prov>

<interactWith><MimiID>1</MimiID></interactWith>
<interactionDescription>The turnip mosaic potyvirus genome-linked protein VPg interacts with the host Arabidopsis thaliana translation initiation factor eIF(iso)4E</interactionDescription>
<interactionType>unknown</interactionType>
<experiment><prov><imid>21</imid>
<argset id="0"><arg id="0">9234949</arg></argset></prov>
<BioExp>elisa</BioExp>
</experiment>
<experiment><prov><imid>21</imid>
<argset id="0"><arg id="0">9234949</arg></argset></prov>
<BioExp>two-hybrid-test</BioExp>
</experiment>
<condition><prov><imid>22</imid>
<argset id="0"><arg id="0">9234949</arg></argset></prov>
<descr>An interaction between VPgPro and eIF(iso)4E was </descr>
<general>in-vitro</general>
<effect>+</effect>
<molecularForm>
<self><form>pSW56</form><descr>eIF(iso)4E fused to the B42 activation domain (AD)</descr></self>
</molecularForm>
</condition>
<condition><prov><imid>22</imid>
<argset id="0"><arg id="0">9234949</arg></argset></prov>
<descr>An interaction between VPg and eIF(iso)4E was dem</descr>
<general>in-vitro</general>
<effect>+</effect>
<molecularForm>
<self><form>pSW56</form><descr>eIF(iso)4E fused to the B42 activation domain (AD)</descr></self>
</molecularForm>
</condition>
<condition><prov><imid>22</imid>
<argset id="0"><arg id="0">9234949</arg></argset></prov>
<descr>An interaction between VPgPro and eIF(iso)4E was </descr>
<general>in-vitro</general>
<effect>+</effect>
<molecularForm>
<self><form>tag-eIF(iso)4E</form><descr>T7 gene 10 peptide tagged eIF(iso)4E</descr></self>
</molecularForm>
</condition>
</interaction>
</molecule>

<molecule><MimiID>2</MimiID>
<id><idType>gi</idType><idValue>18408929</idValue></id>
<name>FKF1</name><name>ADO3</name>
<description>Flavin-binding, Kelch repeat, F-box.  FKF1 has a role in causing the daily CONSTANS (CO) peak in expression, which leads to flowering by inducing the expression the FLOWERING LOCUS (FT).  GeneID: 843133.</description>
<type>protein</type>
<interaction><prov><imid>20</imid>
<argset id="0"><arg id="0">14628054</arg></argset></prov>

<interactWith><MimiID>3</MimiID></interactWith>
<interactionDescription>FKF1 interacts with FMN.</interactionDescription>
<interactionType>unknown</interactionType>
<experiment><prov><imid>21</imid>
<argset id="0"><arg id="0">14628054</arg></argset></prov>
<BioExp>affinity-chromatography</BioExp>
</experiment>
<condition><prov><imid>22</imid>
<argset id="0"><arg id="0">14628054</arg></argset></prov>
<descr>An interaction between FKF1 and FMN was demonstra</descr>
<general>in-vitro</general>
<effect>+</effect>
</condition>
<interactionSite><BioSite type="range"><start>6</start><end>205</end></BioSite>
</interactionSite>
<interactionSite><BioSite type="region"><descr>This region, which contains the LOV domain, is sufficient for interaction with FMN via GST pull-down assay.  Fig. 3b.</descr></BioSite>
</interactionSite>
</interaction>
</molecule>

<molecule><MimiID>3</MimiID>
<id><idType>gi</idType><idValue>15240235</idValue></id>
<name>TOC1</name><name>APPR1</name>
<description>Timing of Cab 1; Timing of Cab Expression 1; Pseudo-Response Regulator 1. TOC1 is a pseudo-response regulator of circadian rhythms through the transcriptional feedback loop controlling its own expression and the expression of other clock-associated genes. Gene ID: 836259.</description>
<type>protein</type>
<interaction><prov><imid>20</imid>
<argset id="0"><arg id="0">14654842</arg></argset></prov>

<interactWith><MimiID>4</MimiID></interactWith>
<interactionDescription>TOC1 interacts with ZTL</interactionDescription>
<interactionType>unknown</interactionType>
<experiment><prov><imid>21</imid>
<argset id="0"><arg id="0">14654842</arg></argset></prov>
<BioExp>immunoprecipitation</BioExp>
</experiment>
<experiment><prov><imid>21</imid>
<argset id="0"><arg id="0">14654842</arg></argset></prov>
<BioExp>two-hybrid-test</BioExp>
</experiment>
<condition><prov><imid>22</imid>
<argset id="0"><arg id="0">14654842</arg></argset></prov>
<descr>An interaction between TOC1 and ZTL was demonstra</descr>
<general>in-vivo</general>
<effect>+</effect>
<molecularForm>
<self><form>LexA-TOC1</form><descr>LexA DNA binding domain (DBD) fused to the amino-terminus of TOC1.</descr></self>
</molecularForm>
</condition>
<condition><prov><imid>22</imid>
<argset id="0"><arg id="0">14654842</arg></argset></prov>
<descr>An interaction between TOC1 and ZTL was demonstra</descr>
<general>in-vivo</general>
<effect>+</effect>
<molecularForm>
<self><form>LexA-TOC1</form><descr>LexA DNA binding domain (DBD) fused to the amino-terminus of TOC1.</descr></self>
</molecularForm>
</condition>
<interactionSite><BioSite type="range"><start>1</start><end>155</end></BioSite>
</interactionSite>
<interactionSite><BioSite type="region"><descr>This region, containing a PAS/LOV domain, is sufficient for an interaction with TOC1 as demonstrated by a two-hybrid assay. Fig 1e. and f.</descr></BioSite>
</interactionSite>
</interaction>
<interaction><prov><imid>20</imid>
<argset id="0"><arg id="0">14654842</arg></argset></prov>

<interactWith><MimiID>5</MimiID></interactWith>
<interactionDescription>TOC1 interacts with LKP2</interactionDescription>
<interactionType>unknown</interactionType>
<experiment><prov><imid>21</imid>
<argset id="0"><arg id="0">14654842</arg></argset></prov>
<BioExp>two-hybrid-test</BioExp>
</experiment>
<condition><prov><imid>22</imid>
<argset id="0"><arg id="0">14654842</arg></argset></prov>
<descr>An interaction between TOC1 and LKP2 was demonstr</descr>
<general>in-vivo</general>
<effect>+</effect>
<molecularForm>
<self><form>LexA-TOC1</form><descr>LexA DNA binding domain (DBD) fused to the amino-terminus of TOC1.</descr></self>
</molecularForm>
</condition>
</interaction>
<interaction><prov><imid>20</imid>
<argset id="0"><arg id="0">14654842</arg></argset></prov>

<interactWith><MimiID>2</MimiID></interactWith>
<interactionDescription>TOC1 interacts with FKF1</interactionDescription>
<interactionType>unknown</interactionType>
<experiment><prov><imid>21</imid>
<argset id="0"><arg id="0">14654842</arg></argset></prov>
<BioExp>two-hybrid-test</BioExp>
</experiment>
<condition><prov><imid>22</imid>
<argset id="0"><arg id="0">14654842</arg></argset></prov>
<descr>An interaction between TOC1 and FKF1 was demonstr</descr>
<general>in-vivo</general>
<effect>+</effect>
<molecularForm>
<self><form>LexA-TOC1</form><descr>LexA DNA binding domain (DBD) fused to the amino-terminus of TOC1.</descr></self>
</molecularForm>
</condition>
</interaction>
</molecule>

<molecule><MimiID>4</MimiID>
<id><idType>gi</idType><idValue>18423971</idValue></id>
<name>ZTL</name><name>LKP1</name><name>ADO1</name><name>AtFBX2b</name>
<description>ZeiTLupe; LoV Ketch protein 1. ZTL is the founding member of the ZTL protein family and has been implicated in the circadian clockwork through the targeted degradation of TOC1. The ZTL protein contains F-box domains, a LOV/PAS domain and Ketch domain repeats. Gene ID: 835842.</description>
<type>protein</type>
</molecule>

<molecule><MimiID>5</MimiID>
<id><idType>gi</idType><idValue>30680520</idValue></id>
<name>LKP2</name><name>ADO2</name><name>AtFBX2c</name>
<description>LoV Ketch Protein 2. LKP2 is a member of the ZTL protein family and has been implicated in regulating circadian clockwork. The LKP2 protein consists of an F-box domain, a LOV/PAS domain and Ketch domain repeats. Gene ID: 816408.</description>
<type>protein</type>
</molecule>

<molecule><MimiID>6</MimiID>
<id><idType>gi</idType><idValue>30680368</idValue></id>
<name>HistoneH4</name>
<description>Protein component of the nucleosome that functions in chromatin assembly and disassembly. GeneID: 837297</description>
<type>protein</type>
<interaction><prov><imid>20</imid>
<argset id="0"><arg id="0">14593187</arg></argset></prov>

<interactWith><MimiID>7</MimiID></interactWith>
<interactionDescription>Histone H4 interacts with the FLC locus.</interactionDescription>
<interactionType>unknown</interactionType>
<experiment><prov><imid>21</imid>
<argset id="0"><arg id="0">14593187</arg></argset></prov>
<BioExp>other</BioExp>
</experiment>
<condition><prov><imid>22</imid>
<argset id="0"><arg id="0">14593187</arg></argset></prov>
<descr>An interaction between hyperacetylated Histone H4</descr>
<general>in-vivo</general>
<effect>+</effect>
</condition>
<interactionSite><BioSite type="region"><descr>FLC-II, FLC-III, FLC-IV and FLC-V regions of the FLC locus were sufficient for binding hyperacetylated Histone H4 via ChIP assay. Actual sequence ranges for these regions were not explicitly given. Fig. 3B, Fig. 4E and Fig. S4.</descr></BioSite>
</interactionSite>
</interaction>
</molecule>

<molecule><MimiID>7</MimiID>
<id><idType>gi</idType><idValue>30698605</idValue></id>
<name>Chromosome5[3173482-3179449]</name><name>FLC</name><name>FLF</name>
<description>Flowering Locus C; Flowering Locus F.  The FLC locus sequence range, which spans bp 3173482-3179449 of chromosome 5, was inferred from the GI.</description>
<type>protein</type>
</molecule>

<molecule><MimiID>8</MimiID>
<id><idType>gi</idType><idValue>18390992</idValue></id>
<name>HistoneH3</name>
<description>Protein component of the nucleosome that functions in chromatin assembly and disassembly. GeneID: 837440</description>
<type>protein</type>
<interaction><prov><imid>20</imid>
<argset id="0"><arg id="0">14712276</arg></argset></prov>

<interactWith><MimiID>7</MimiID></interactWith>
<interactionDescription>Histone H3 interacts with the FLC locus.</interactionDescription>
<interactionType>unknown</interactionType>
<experiment><prov><imid>21</imid>
<argset id="0"><arg id="0">14712276</arg></argset></prov>
<BioExp>other</BioExp>
</experiment>
<condition><prov><imid>22</imid>
<argset id="0"><arg id="0">14712276</arg></argset></prov>
<descr>An interaction between histone H3 and FLC chromat</descr>
<general>in-vivo</general>
<effect>+</effect>
</condition>
<interactionSite><BioSite type="region"><descr>This P1 region of the FLC locus, isolated by PCR amplification, is sufficient for interaction with H3 in chromatin immunoprecipitations. Figs. 3 and 4. This region corresponds to nucleotides [-495 to -197] with respect to the transcription start site.</descr></BioSite>
</interactionSite>
<interactionSite><BioSite type="region"><descr>This V1 region of the FLC locus, isolated by PCR amplification, is sufficient for interaction with H3 in chromatin immunoprecipitations. Figs. 3 and 4. This region corresponds to nucleotides [+1436 to +1724] with respect to the transcription start site.</descr></BioSite>
</interactionSite>
<interactionSite><BioSite type="region"><descr>This U1 region of the FLC locus, isolated by PCR amplification, is sufficient for interaction with H3 in chromatin immunoprecipitations. Figs. 3 and 4. This region corresponds to nucleotides [+5805 to +6044] with respect to the transcription start site.</descr></BioSite>
</interactionSite>
</interaction>
<interaction><prov><imid>20</imid>
<argset id="0"><arg id="0">14712277</arg></argset></prov>

<interactWith><MimiID>7</MimiID></interactWith>
<interactionDescription>Histone H3 interacts with the FLC locus.</interactionDescription>
<interactionType>unknown</interactionType>
<experiment><prov><imid>21</imid>
<argset id="0"><arg id="0">14712277</arg></argset></prov>
<BioExp>other</BioExp>
</experiment>
<condition><prov><imid>22</imid>
<argset id="0"><arg id="0">14712277</arg></argset></prov>
<descr>An interaction between histone H3 and FLC chromat</descr>
<general>in-vivo</general>
<effect>+</effect>
</condition>
<interactionSite><BioSite type="region"><descr>This A region of the FLC locus, isolated by PCR amplification, is sufficient for interaction with H3 in chromatin immunoprecipitations. Figs. 1 and 3. This region corresponds to nucleotides [-523 to -273] with respect to the A of the ATG translation start site.</descr></BioSite>
</interactionSite>
<interactionSite><BioSite type="region"><descr>This B region of the FLC locus, isolated by PCR amplification, is sufficient for interaction with H3 in chromatin immunoprecipitations. Figs. 1 and 3. This region corresponds to nucleotides [-200 to +122] with respect to the A of the ATG translation start site.</descr></BioSite>
</interactionSite>
<interactionSite><BioSite type="region"><descr>This C region of the FLC locus, isolated by PCR amplification, is sufficient for interaction with H3 in chromatin immunoprecipitations. Fig. 1. This region corresponds to nucleotides [+200 to +565] with respect to the A of the ATG translation start site.</descr></BioSite>
</interactionSite>
<interactionSite><BioSite type="region"><descr>This D region of the FLC locus, isolated by PCR amplification, is sufficient for interaction with H3 in chromatin immunoprecipitations. Fig. 1. This region corresponds to nucleotides [+697 to +997] with respect to the A of the ATG translation start site.</descr></BioSite>
</interactionSite>
<interactionSite><BioSite type="region"><descr>This E region of the FLC locus, isolated by PCR amplification, is sufficient for interaction with H3 in chromatin immunoprecipitations. Figs. 1 and 3. This region corresponds to nucleotides [+1305 to +1845] with respect to the A of the ATG translation start site.</descr></BioSite>
</interactionSite>
<interactionSite><BioSite type="region"><descr>This F region of the FLC locus, isolated by PCR amplification, is sufficient for interaction with H3 in chromatin immunoprecipitations. Fig. 1. This region corresponds to nucleotides [+2561 to +2874] with respect to the A of the ATG translation start site.</descr></BioSite>
</interactionSite>
<interactionSite><BioSite type="region"><descr>This G region of the FLC locus, isolated by PCR amplification, is sufficient for interaction with H3 in chromatin immunoprecipitations. Fig. 1. This region corresponds to nucleotides [+3692 to +4133] with respect to the A of the ATG translation start site.</descr></BioSite>
</interactionSite>
</interaction>
</molecule>

<molecule><MimiID>9</MimiID>
<id><idType>gi</idType><idValue>15242117</idValue></id>
<name>VIN3</name>
<description>Vernalization-INsensitive-3. VIN3 functions in regulating FLC repression during vernalization. GeneID: 835844</description>
<type>protein</type>
<interaction><prov><imid>20</imid>
<argset id="0"><arg id="0">14712276</arg></argset></prov>

<interactWith><MimiID>7</MimiID></interactWith>
<interactionDescription>Vin3 interacts with the FLC locus.</interactionDescription>
<interactionType>unknown</interactionType>
<experiment><prov><imid>21</imid>
<argset id="0"><arg id="0">14712276</arg></argset></prov>
<BioExp>other</BioExp>
</experiment>
<condition><prov><imid>22</imid>
<argset id="0"><arg id="0">14712276</arg></argset></prov>
<descr>An interaction between VIN3 and FLC chromatin was</descr>
<general>in-vivo</general>
<effect>+</effect>
</condition>
<interactionSite><BioSite type="region"><descr>This P1 region of the FLC locus, isolated by PCR amplification, is sufficient for interaction with VIN3 in chromatin immunoprecipitations. Fig. 3. This region corresponds to nucleotides [-495 to -197] with respect to the transcription start site.</descr></BioSite>
</interactionSite>
<interactionSite><BioSite type="region"><descr>This V1 region of the FLC locus, isolated by PCR amplification, is sufficient for interaction with VIN3 in chromatin immunoprecipitations. Fig. 3. This region corresponds to nucleotides [+1436 to +1724] with respect to the transcription start site.</descr></BioSite>
</interactionSite>
<interactionSite><BioSite type="region"><descr>This U1 region of the FLC locus, isolated by PCR amplification, is sufficient for interaction with VIN3 in chromatin immunoprecipitations. Fig. 3. This region corresponds to nucleotides [+5805 to +6044] with respect to the transcription start site.</descr></BioSite>
</interactionSite>
</interaction>
</molecule>

<molecule><MimiID>10</MimiID>
<id><idType>gi</idType><idValue>30685150</idValue></id>
<name>VRN1</name>
<description>VeRNalization 1. VRN1 functions in regulating FLC repression after vernalization. GeneID: 821432</description>
<type>protein</type>
<interaction><prov><imid>20</imid>
<argset id="0"><arg id="0">14712276</arg></argset></prov>

<interactWith><MimiID>7</MimiID></interactWith>
<interactionDescription>VRN1 interacts with the FLC locus.</interactionDescription>
<interactionType>unknown</interactionType>
<experiment><prov><imid>21</imid>
<argset id="0"><arg id="0">14712276</arg></argset></prov>
<BioExp>other</BioExp>
</experiment>
<condition><prov><imid>22</imid>
<argset id="0"><arg id="0">14712276</arg></argset></prov>
<descr>An interaction between VRN1 and FLC chromatin was</descr>
<general>in-vivo</general>
<effect>+</effect>
</condition>
<interactionSite><BioSite type="region"><descr>This P1 region of the FLC locus, isolated by PCR amplification, is sufficient for interaction with VRN1 in chromatin immunoprecipitations. Fig. 3. This region corresponds to nucleotides [-495 to -197] with respect to the transcription start site.</descr></BioSite>
</interactionSite>
<interactionSite><BioSite type="region"><descr>This V1 region of the FLC locus, isolated by PCR amplification, is sufficient for interaction with VRN1 in chromatin immunoprecipitations. Fig. 3. This region corresponds to nucleotides [+1436 to +1724] with respect to the transcription start site.</descr></BioSite>
</interactionSite>
<interactionSite><BioSite type="region"><descr>This U1 region of the FLC locus, isolated by PCR amplification, is sufficient for interaction with VRN1 in chromatin immunoprecipitations. Fig. 3. This region corresponds to nucleotides [+5805 to +6044] with respect to the transcription start site.</descr></BioSite>
</interactionSite>
</interaction>
</molecule>

<molecule><MimiID>12</MimiID>
<id><idType>gi</idType><idValue>18390964</idValue></id>
<name>AtAMI1</name><name>At1g08980</name><name>amidase</name>
<description>AMIdase-like protein. AtAMI1 is the founding member of acylamidohydrolysases enzyme family from higher plants and exhibits indole-3-acetamide amidohydrolase activity. GeneID: 837418.</description>
<type>protein</type>
<interaction><prov><imid>20</imid>
<argset id="0"><arg id="0">12620340</arg></argset></prov>

<interactWith><MimiID>13</MimiID></interactWith>
<interactionDescription>AtAMI1 interacts with and hydrolyzes indole-3-acetamide.; AtAMI1 acylamidohydrolysases IAM as demonstrated by in vitro acylamidohydrolyation enzyme assay. Fig. 6.</interactionDescription>
<interactionType>unknown</interactionType>
<experiment><prov><imid>21</imid>
<argset id="0"><arg id="0">12620340</arg></argset></prov>
<BioExp>other</BioExp>
</experiment>
<condition><prov><imid>22</imid>
<argset id="0"><arg id="0">12620340</arg></argset></prov>
<descr>An interaction between the AtAMI1 and IAM was dem</descr>
<general>in-vitro</general>
<effect>+</effect>
</condition>
<condition><prov><imid>22</imid>
<argset id="0"><arg id="0">12620340</arg></argset></prov>
<descr>An interaction between the AtAMI1 and IAM was dem</descr>
<general>in-vivo</general>
<effect>+</effect>
</condition>
</interaction>
</molecule>

</organism>
<organism>

<background><BioSource><organism><taxonomyName>
12230
</taxonomyName></organism></BioSource></background>

<molecule><MimiID>1</MimiID>
<id><idType>gi</idType><idValue>25013655</idValue></id>
<name>VPg</name><name>NIa-VPg</name>
<description>Viral Protein Genome linked (VPg)-proteinase of turnip mosaic potyvirus;TuMV VPg; structural protein that is covalently linked to the 5'end of the viral RNA; believed to be involved in viral RNA replication; mature chain cleaved from viral polypeptide, VPg-Pro.</description>
<type>protein</type>
</molecule>

</organism>
<organism>

<background><BioSource><organism><taxonomyName>
666
</taxonomyName></organism></BioSource></background>

<molecule><MimiID>11</MimiID>
<id><idType>gi</idType><idValue>15641467</idValue></id>
<name>CTB</name>
<description>Cholera Toxin subunit B. Cholera enterotoxin, B subunit.  Cholera toxin is an AB5 hexameric assembly; the toxic A subunit activates adenyl cyclase irreversibly by ADP ribosylation of a Gs protein; the B subunit facilitates passage of the A subunit across the cell membrane.  </description>
<type>protein</type>
<interaction><prov><imid>20</imid>
<argset id="0"><arg id="0">14712272</arg></argset></prov>

<interactWith><MimiID>11</MimiID></interactWith>
<interactionDescription>Monosialoganglioside GM1 binds to Cholera Toxin subunit B (CTB) ; Binding affinity and effective interaction energy between CTB and GM1. </interactionDescription>
<interactionType>unknown</interactionType>
<experiment><prov><imid>21</imid>
<argset id="0"><arg id="0">14712272</arg></argset></prov>
<BioExp>other</BioExp>
</experiment>
<condition><prov><imid>22</imid>
<argset id="0"><arg id="0">14712272</arg></argset></prov>
<descr>An interaction between GM1 and CTB was demonstrat</descr>
<general>in-vitro</general>
<effect>+</effect>
<molecularForm>
<self><form>LexA-TOC1</form><descr>LexA DNA binding domain (DBD) fused to the amino-terminus of TOC1.</descr></self>
</molecularForm>
</condition>
</interaction>
</molecule>

</organism>
</MiMI>
