<?xml version="1.0" ?>
<books>
	<book>
		<title>The world</title>
		<author>John Doe</author>
		<author>Jane Doe</author>
		<author>Mr. T</author>
		<isbn>122322</isbn>
		<price>70</price>
		<editor>John Doe</editor>
		<chapter number="1">hello</chapter>
		<chapter number="2">world</chapter>
		<chapter number="3">how</chapter>
		<chapter number="4">are</chapter>
		<chapter number="5">you</chapter>
	</book>
	<book>
		<title>I am happy</title>
		<author>Mr. very happy</author>
		<author>John Doe</author>
		<isbn>231492</isbn>
		<price>50</price>
		<chapter number="1">how</chapter>
		<chapter number="2">to</chapter>
		<chapter number="3">be really happy</chapter>
	</book>
	<book>
		<title>The world now and cookies</title>
		<author>Mrs. Field</author>
		<author>Jane Doe</author>
		<isbn>123242</isbn>
		<price>30</price>
		<editor>John Doe</editor>
		<chapter number="1">how</chapter>
		<chapter number="2">to</chapter>
		<chapter number="3">cookie</chapter>
		<chapter number="4">are</chapter>
		<chapter number="5">you</chapter>
	</book>
	<nestedbook>
		<book>
			<title>This book shouldn't be selected if doc/book</title>
			<author>
				<name> no doc/book </name>
			</author>
			<author>John Doe</author>
			<author>Jane Doe</author>
			<isbn>323</isbn>
			<chapter number="1">how</chapter>
			<chapter number="2">to</chapter>
			<chapter number="3">cookie</chapter>
			<chapter number="4">are</chapter>
			<chapter number="5">you</chapter>
		</book>
	</nestedbook>
	<book>
		<title>The school</title>
		<author>Mr. Hello</author>
		<author>John Doe</author>
		<isbn>53432</isbn>
		<price>70</price>
		<price>10</price>
		<editor>Stelios</editor>
		<chapter number="1">how</chapter>
		<chapter number="2">to</chapter>
		<chapter number="3">go to school</chapter>
	</book>
	<article>
		<title>the best article</title>
		<author>John Doe</author>
	</article>
	<article>
		<title>how to write an article</title>
		<author>Jane Doe</author>
	</article>
</books>