<?xml version="1.0"?>
<countries Prob="0.5">
	<country Prob="0.9">
		<afghanistan></afghanistan>
		<countryName>Afghanistan</countryName>
		<geography>
			<coordinates>
				<latitude>
					<direction>North</direction>
					<degrees>33</degrees>
					<minutes>00</minutes>
				</latitude>
				<longitude>
					<direction>East</direction>
					<degrees>65</degrees>
					<minutes>00</minutes>
				</longitude>
			</coordinates>
			<area>
				<land>647,500</land>
				<water>0</water>
			</area>
			<elevation>
				<lowest>258</lowest>
				<highest>7,485</highest>
			</elevation>
		</geography>
		<people>
			<population>26,813,057</population>
			<growthRate>3.48</growthRate>
			<lifeExpectancy>
				<wholePopulation>46.24</wholePopulation>
				<maleLifeExpectancy>46.97</maleLifeExpectancy>
				<femaleLifeExpectancy>45.47</femaleLifeExpectancy>
			</lifeExpectancy>
		</people>
		<government>
			<capital>Kabul</capital>
			<independence>
				<day>19</day>
				<month>8</month>
				<year>1919</year>
			</independence>
		</government>
		<economy/>
	</country>
	
	<country Prob="0.3">
		<bulgaria></bulgaria>
		<countryName>Bulgaria</countryName>
		<geography>
			<coordinates>
				<latitude>
					<direction>North</direction>
					<degrees>43</degrees>
					<minutes>00</minutes>
				</latitude>
				<longitude>
					<direction>East</direction>
					<degrees>25</degrees>
					<minutes>00</minutes>
				</longitude>
			</coordinates>
			<area>
				<land>110,550</land>
				<water>360</water>
			</area>
			<elevation>
				<lowest>0</lowest>
				<highest>2,925</highest>
			</elevation>
		</geography>
		<people>
			<population>7,707,495</population>
			<growthRate>-1.14</growthRate>
			<lifeExpectancy>
				<wholePopulation>71.2</wholePopulation>
				<maleLifeExpectancy>67.72</maleLifeExpectancy>
				<femaleLifeExpectancy>74.89</femaleLifeExpectancy>
			</lifeExpectancy>
		</people>
		<government>
			<capital>Sofia</capital>
			<independence>
				<day>3</day>
				<month>3</month>
				<year>1878</year>
			</independence>
			<chiefOfState>
				<name>Petar Stoyanov</name>
				<title>President</title>
				<assumedOffice>
					<day>22</day>
					<month>1</month>
					<year>1997</year>
				</assumedOffice>
			</chiefOfState>
			<headOfGovernment>
				<name>Ivan Kostov</name>
				<title>Chairman of the Council of Ministers</title>
				<assumedOffice>
					<day>19</day>
					<month>5</month>
					<year>1997</year>
				</assumedOffice>
			</headOfGovernment>
			<headOfGovernment>
				<name>Petur Zhotev</name>
				<title>Deputy Prime Minister</title>
				<assumedOffice>
					<day>21</day>
					<month>12</month>
					<year>1999</year>
				</assumedOffice>
			</headOfGovernment>
		</government>
		<economy>
			<inflationRate>10.4</inflationRate>
			<unemploymentRate>17.7</unemploymentRate>
		</economy>
	</country>
	
	<country>
		<canada></canada>
		<countryName>Canada</countryName>
		<geography>
			<coordinates>
				<latitude>
					<direction>North</direction>
					<degrees>60</degrees>
					<minutes>00</minutes>
				</latitude>
				<longitude>
					<direction>West</direction>
					<degrees>95</degrees>
					<minutes>00</minutes>
				</longitude>
			</coordinates>
			<area>
				<land>9,220,970</land>
				<water>755,170</water>
			</area>
			<elevation>
				<lowest>0</lowest>
				<highest>5,959</highest>
			</elevation>
		</geography>
		<people>
			<population>31,592,805</population>
			<growthRate>.99</growthRate>
			<lifeExpectancy>
				<wholePopulation>79.56</wholePopulation>
				<maleLifeExpectancy>76.16</maleLifeExpectancy>
				<femaleLifeExpectancy>83.13</femaleLifeExpectancy>
			</lifeExpectancy>
		</people>
		<government>
			<capital>Ottawa</capital>
			<independence>
				<day>1</day>
				<month>7</month>
				<year>1867</year>
			</independence>
			<chiefOfState>
				<name>Elizabeth II</name>
				<title>Queen</title>
				<assumedOffice>
					<day>6</day>
					<month>2</month>
					<year>1952</year>
				</assumedOffice>
			</chiefOfState>
			<headOfGovernment>
				<name>Jean Chretien</name>
				<title>Prime Minister</title>
				<assumedOffice>
					<day>4</day>
					<month>11</month>
					<year>1993</year>
				</assumedOffice>
			</headOfGovernment>
		</government>
		<economy>
			<inflationRate>2.6</inflationRate>
			<unemploymentRate>6.8</unemploymentRate>
		</economy>
	</country>
	
	<country>
		<cuba></cuba>
		<countryName>Cuba</countryName>
		<geography>
			<coordinates>
				<latitude>
					<direction>North</direction>
					<degrees>21</degrees>
					<minutes>30</minutes>
				</latitude>
				<longitude>
					<direction>West</direction>
					<degrees>80</degrees>
					<minutes>00</minutes>
				</longitude>
			</coordinates>
			<area>
				<land>110,860</land>
				<water>0</water>
			</area>
			<elevation>
				<lowest>0</lowest>
				<highest>2,005</highest>
			</elevation>
		</geography>
		<people>
			<population>11,184,023</population>
			<growthRate>.37</growthRate>
			<lifeExpectancy>
				<wholePopulation>76.41</wholePopulation>
				<maleLifeExpectancy>74.02</maleLifeExpectancy>
				<femaleLifeExpectancy>78.94</femaleLifeExpectancy>
			</lifeExpectancy>
		</people>
		<government>
			<capital>Havana</capital>
			<independence>
				<day>10</day>
				<month>10</month>
				<year>1868</year>
			</independence>
			<chiefOfState>
				<name>Fidel Castro Ruz</name>
				<title>President</title>
				<assumedOffice>
					<day>2</day>
					<month>12</month>
					<year>1976</year>
				</assumedOffice>
			</chiefOfState>
			<headOfGovernment>
				<name>Fidel Castro Ruz</name>
				<title>President</title>
				<assumedOffice>
					<day>2</day>
					<month>12</month>
					<year>1976</year>
				</assumedOffice>
			</headOfGovernment>
		</government>
		<economy>
			<inflationRate>.3</inflationRate>
			<unemploymentRate>5.5</unemploymentRate>
		</economy>
	</country>
	
	<country>
		<france></france>
		<countryName>France</countryName>
		<geography>
			<coordinates>
				<latitude>
					<direction>North</direction>
					<degrees>46</degrees>
					<minutes>00</minutes>
				</latitude>
				<longitude>
					<direction>East</direction>
					<degrees>2</degrees>
					<minutes>00</minutes>
				</longitude>
			</coordinates>
			<area>
				<land>545,630</land>
				<water>1,400</water>
			</area>
			<elevation>
				<lowest>2</lowest>
				<highest>4,807</highest>
			</elevation>
		</geography>
		<people>
			<population>59,551,227</population>
			<growthRate>.37</growthRate>
			<lifeExpectancy>
				<wholePopulation>78.9</wholePopulation>
				<maleLifeExpectancy>75.01</maleLifeExpectancy>
				<femaleLifeExpectancy>83.01</femaleLifeExpectancy>
			</lifeExpectancy>
		</people>
		<government>
			<capital>Paris</capital>
			<independence>
				<year>486</year>
			</independence>
			<chiefOfState>
				<name>Jacques Chirac</name>
				<title>President</title>
				<assumedOffice>
					<day>17</day>
					<month>5</month>
					<year>1995</year>
				</assumedOffice>
			</chiefOfState>
			<headOfGovernment>
				<name>Lionel Jospin</name>
				<title>Prime Minister</title>
				<assumedOffice>
					<day>3</day>
					<month>6</month>
					<year>1997</year>
				</assumedOffice>
			</headOfGovernment>
		</government>
		<economy>
			<inflationRate>1.7</inflationRate>
			<unemploymentRate>9.7</unemploymentRate>
		</economy>
	</country>
	
	<country>
		<israel></israel>
		<countryName>Israel</countryName>
		<geography>
			<coordinates>
				<latitude>
					<direction>North</direction>
					<degrees>31</degrees>
					<minutes>30</minutes>
				</latitude>
				<longitude>
					<direction>East</direction>
					<degrees>34</degrees>
					<minutes>35</minutes>
				</longitude>
			</coordinates>
			<area>
				<land>20,330</land>
				<water>440</water>
			</area>
			<elevation>
				<lowest>-408</lowest>
				<highest>1,208</highest>
			</elevation>
		</geography>
		<people>
			<population>5,938,093</population>
			<growthRate>1.58</growthRate>
			<lifeExpectancy>
				<wholePopulation>78.71</wholePopulation>
				<maleLifeExpectancy>76.69</maleLifeExpectancy>
				<femaleLifeExpectancy>80.84</femaleLifeExpectancy>
			</lifeExpectancy>
		</people>
		<government>
			<capital>Jerusalem</capital>
			<independence>
					<day>14</day>
					<month>5</month>
					<year>1948</year>
			</independence>
			<chiefOfState>
				<name>Moshe Katsav</name>
				<title>President</title>
				<assumedOffice>
					<day>31</day>
					<month>7</month>
					<year>2000</year>
				</assumedOffice>
			</chiefOfState>
			<headOfGovernment>
				<name>Ariel Shannon</name>
				<title>Prime Minister</title>
				<assumedOffice>
					<day>2</day>
					<month>3</month>
					<year>2001</year>
				</assumedOffice>
			</headOfGovernment>
		</government>
		<economy>
			<inflationRate>.1</inflationRate>
			<unemploymentRate>9</unemploymentRate>
		</economy>
	</country>
	
	<country>
		<norway></norway>
		<countryName>Norway</countryName>
		<geography>
			<coordinates>
				<latitude>
					<direction>North</direction>
					<degrees>62</degrees>
					<minutes>00</minutes>
				</latitude>
				<longitude>
					<direction>East</direction>
					<degrees>10</degrees>
					<minutes>00</minutes>
				</longitude>
			</coordinates>
			<area>
				<land>307,860</land>
				<water>16,360</water>
			</area>
			<elevation>
				<lowest>0</lowest>
				<highest>2,469</highest>
			</elevation>
		</geography>
		<people>
			<population>4,503,440</population>
			<growthRate>.49</growthRate>
			<lifeExpectancy>
				<wholePopulation>78.79</wholePopulation>
				<maleLifeExpectancy>75.87</maleLifeExpectancy>
				<femaleLifeExpectancy>81.92</femaleLifeExpectancy>
			</lifeExpectancy>
		</people>
		<government>
			<capital>Oslo</capital>
			<independence>
					<day>7</day>
					<month>6</month>
					<year>1905</year>
			</independence>
			<chiefOfState>
				<name>Harald V</name>
				<title>King</title>
				<assumedOffice>
					<day>17</day>
					<month>1</month>
					<year>1991</year>
				</assumedOffice>
			</chiefOfState>
			<headOfGovernment>
				<name>Jens Stoltenberg</name>
				<title>Prime Minister</title>
				<assumedOffice>
					<day>17</day>
					<month>3</month>
					<year>2000</year>
				</assumedOffice>
			</headOfGovernment>
		</government>
		<economy>
			<inflationRate>2.9</inflationRate>
			<unemploymentRate>3</unemploymentRate>
		</economy>
	</country>
	
	<country>
		<russia></russia>
		<countryName>Russia</countryName>
		<geography>
			<coordinates>
				<latitude>
					<direction>North</direction>
					<degrees>60</degrees>
					<minutes>00</minutes>
				</latitude>
				<longitude>
					<direction>East</direction>
					<degrees>100</degrees>
					<minutes>00</minutes>
				</longitude>
			</coordinates>
			<area>
				<land>16,995,800</land>
				<water>79,400</water>
			</area>
			<elevation>
				<lowest>-28</lowest>
				<highest>5,633</highest>
			</elevation>
		</geography>
		<people>
			<population>145,470,197</population>
			<growthRate>-.35</growthRate>
			<lifeExpectancy>
				<wholePopulation>67.34</wholePopulation>
				<maleLifeExpectancy>62.12</maleLifeExpectancy>
				<femaleLifeExpectancy>72.83</femaleLifeExpectancy>
			</lifeExpectancy>
		</people>
		<government>
			<capital>Moscow</capital>
			<independence>
					<day>24</day>
					<month>8</month>
					<year>1991</year>
			</independence>
			<chiefOfState>
				<name>Vladimir Vladimirovich Putin</name>
				<title>President</title>
				<assumedOffice>
					<day>7</day>
					<month>5</month>
					<year>2000</year>
				</assumedOffice>
			</chiefOfState>
			<headOfGovernment>
				<name>Mikhail Mikhaylovich Kasyanov</name>
				<title>Premier</title>
				<assumedOffice>
					<day>7</day>
					<month>5</month>
					<year>2000</year>
				</assumedOffice>
			</headOfGovernment>
			<headOfGovernment>
				<name>Aleksey Leonidovich Kudrin</name>
				<title>First Deputy Prime Minister</title>
				<assumedOffice>
					<day>18</day>
					<month>5</month>
					<year>2000</year>
				</assumedOffice>
			</headOfGovernment>
			<headOfGovernment>
				<name>Aleksey Vasilyevich Gordeyev</name>
				<title>Deputy Premier</title>
				<assumedOffice>
					<day>20</day>
					<month>5</month>
					<year>2000</year>
				</assumedOffice>
			</headOfGovernment>
			<headOfGovernment>
				<name>Viktor Borisovich Khristenko</name>
				<title>Deputy Premier</title>
				<assumedOffice>
					<day>31</day>
					<month>5</month>
					<year>1999</year>
				</assumedOffice>
			</headOfGovernment>
			<headOfGovernment>
				<name>Ilya Iosifovich Klebanov</name>
				<title>Deputy Premier</title>
				<assumedOffice>
					<day>31</day>
					<month>5</month>
					<year>1999</year>
				</assumedOffice>
			</headOfGovernment>
			<headOfGovernment>
				<name>Valentina Ivanovna Matviyenko</name>
				<title>Deputy Premier</title>
				<assumedOffice>
					<day>22</day>
					<month>9</month>
					<year>1998</year>
				</assumedOffice>
			</headOfGovernment>
		</government>
		<economy>
			<inflationRate>20.6</inflationRate>
			<unemploymentRate>10.5</unemploymentRate>
		</economy>
	</country>
	
	<country>
		<rwanda></rwanda>
		<countryName>Rwanda</countryName>
		<geography>
			<coordinates>
				<latitude>
					<direction>South</direction>
					<degrees>2</degrees>
					<minutes>00</minutes>
				</latitude>
				<longitude>
					<direction>East</direction>
					<degrees>30</degrees>
					<minutes>00</minutes>
				</longitude>
			</coordinates>
			<area>
				<land>24,948</land>
				<water>1,390</water>
			</area>
			<elevation>
				<lowest>950</lowest>
				<highest>4,519</highest>
			</elevation>
		</geography>
		<people>
			<population>7,312,756</population>
			<growthRate>1.16</growthRate>
			<lifeExpectancy>
				<wholePopulation>38.99</wholePopulation>
				<maleLifeExpectancy>38.35</maleLifeExpectancy>
				<femaleLifeExpectancy>39.65</femaleLifeExpectancy>
			</lifeExpectancy>
		</people>
		<government>
			<capital>Kigali</capital>
			<independence>
					<day>1</day>
					<month>7</month>
					<year>1962</year>
			</independence>
			<chiefOfState>
				<name>Paul Kagame</name>
				<title>President Major General</title>
				<assumedOffice>
					<day>22</day>
					<month>4</month>
					<year>2000</year>
				</assumedOffice>
			</chiefOfState>
			<headOfGovernment>
				<name>Bernard Makuza</name>
				<title>Prime Minister</title>
				<assumedOffice>
					<day>8</day>
					<month>3</month>
					<year>2000</year>
				</assumedOffice>
			</headOfGovernment>
		</government>
		<economy>
			<inflationRate>4</inflationRate>
		</economy>
	</country>
	
	<country>
		<uganda></uganda>
		<countryName>Uganda</countryName>
		<geography>
			<coordinates>
				<latitude>
					<direction>North</direction>
					<degrees>1</degrees>
					<minutes>00</minutes>
				</latitude>
				<longitude>
					<direction>East</direction>
					<degrees>32</degrees>
					<minutes>00</minutes>
				</longitude>
			</coordinates>
			<area>
				<land>199,710</land>
				<water>36,330</water>
			</area>
			<elevation>
				<lowest>621</lowest>
				<highest>5,110</highest>
			</elevation>
		</geography>
		<people>
			<population>23,985,712</population>
			<growthRate>2.93</growthRate>
			<lifeExpectancy>
				<wholePopulation>43.37</wholePopulation>
				<maleLifeExpectancy>42.59</maleLifeExpectancy>
				<femaleLifeExpectancy>44.17</femaleLifeExpectancy>
			</lifeExpectancy>
		</people>
		<government>
			<capital>Kampala</capital>
			<independence>
					<day>9</day>
					<month>10</month>
					<year>1962</year>
			</independence>
			<chiefOfState>
				<name>Yoweri Kaguta Museveni</name>
				<title>President Lieutenant General</title>
				<assumedOffice>
					<day>29</day>
					<month>1</month>
					<year>1986</year>
				</assumedOffice>
			</chiefOfState>
			<headOfGovernment>
				<name>Yoweri Kaguta Museveni</name>
				<title>President Lieutenant General</title>
				<assumedOffice>
					<day>29</day>
					<month>1</month>
					<year>1986</year>
				</assumedOffice>
			</headOfGovernment>
			<headOfGovernment>
				<name>Apollo Nsibambi</name>
				<title>Prime Minister</title>
				<assumedOffice>
					<day>5</day>
					<month>4</month>
					<year>1999</year>
				</assumedOffice>
			</headOfGovernment>
		</government>
		<economy>
			<inflationRate>6.5</inflationRate>
		</economy>
	</country>
	
	<country>
		<uk></uk>
		<countryName>United Kingdom</countryName>
		<geography>
			<coordinates>
				<latitude>
					<direction>North</direction>
					<degrees>54</degrees>
					<minutes>00</minutes>
				</latitude>
				<longitude>
					<direction>West</direction>
					<degrees>2</degrees>
					<minutes>00</minutes>
				</longitude>
			</coordinates>
			<area>
				<land>241,590</land>
				<water>3,230</water>
			</area>
			<elevation>
				<lowest>-4</lowest>
				<highest>1,343</highest>
			</elevation>
		</geography>
		<people>
			<population>59,647,790</population>
			<growthRate>.23</growthRate>
			<lifeExpectancy>
				<wholePopulation>77.82</wholePopulation>
				<maleLifeExpectancy>75.13</maleLifeExpectancy>
				<femaleLifeExpectancy>80.66</femaleLifeExpectancy>
			</lifeExpectancy>
		</people>
		<government>
			<capital>London</capital>
			<independence>
					<year>950</year>
			</independence>
			<chiefOfState>
				<name>Elizabeth II</name>
				<title>Queen</title>
				<assumedOffice>
					<day>6</day>
					<month>2</month>
					<year>1952</year>
				</assumedOffice>
			</chiefOfState>
			<headOfGovernment>
				<name>Anthony Blair</name>
				<title>Prime Minister</title>
				<assumedOffice>
					<day>2</day>
					<month>5</month>
					<year>1997</year>
				</assumedOffice>
			</headOfGovernment>
		</government>
		<economy>
			<inflationRate>2.4</inflationRate>
			<unemploymentRate>5.5</unemploymentRate>
		</economy>
	</country>
	
	<country>
		<us></us>
		<countryName>United States</countryName>
		<geography>
			<coordinates>
				<latitude>
					<direction>North</direction>
					<degrees>38</degrees>
					<minutes>00</minutes>
				</latitude>
				<longitude>
					<direction>West</direction>
					<degrees>97</degrees>
					<minutes>00</minutes>
				</longitude>
			</coordinates>
			<area>
				<land>9,158,960</land>
				<water>470,131</water>
			</area>
			<elevation>
				<lowest>-86</lowest>
				<highest>6,194</highest>
			</elevation>
		</geography>
		<people>
			<population>278,058,881</population>
			<growthRate>.9</growthRate>
			<lifeExpectancy>
				<wholePopulation>77.26</wholePopulation>
				<maleLifeExpectancy>74.37</maleLifeExpectancy>
				<femaleLifeExpectancy>80.05</femaleLifeExpectancy>
			</lifeExpectancy>
		</people>
		<government>
			<capital>Washington, DC</capital>
			<independence>
					<day>4</day>
					<month>7</month>
					<year>1776</year>
			</independence>
			<chiefOfState>
				<name>George W. Bush</name>
				<title>President</title>
				<assumedOffice>
					<day>20</day>
					<month>1</month>
					<year>2001</year>
				</assumedOffice>
			</chiefOfState>
			<headOfGovernment>
				<name>George W. Bush</name>
				<title>President</title>
				<assumedOffice>
					<day>20</day>
					<month>1</month>
					<year>2001</year>
				</assumedOffice>
			</headOfGovernment>
		</government>
		<economy>
			<inflationRate>3.4</inflationRate>
			<unemploymentRate>4</unemploymentRate>
		</economy>
	</country>
</countries>
